date,code,rank,market_mode,open_gap,stock_price,yesterday_money,yesterday_volume,circulating_market_cap,turnover_ratio,position_60d,return_5d,return_10d,return_20d,distance_ma5,distance_ma10,distance_ma20,volatility_20d,idx_drawdown_20d,idx_ma_relation,first_board_perf,fb_pct,max_boards,bear_pool_count,bear_candidate_count,candidate_rank,slots_total,held_before,slots_available,is_bought,day_open,high_limit,low_limit,close,high,low,pre_close,exit_date,exit_price,return,holding_days
2018-01-19,002783.XSHE,11,bear,-0.036999,19.73,284699328.0,14209346.0,0,0,0.425862,0.133257,0.059045,0.093681,0.09672,0.091201,0.089303,0.028472,-0.032422,ma20<=ma60,0.011982,0.285714,3,19,15,11,2,1,1,True,19.0,21.7,17.76,20.24,21.47,18.8,19.73,2018-01-22,19.47,0.0247368421052631,1
2018-01-24,002836.XSHE,6,bear,-0.03245,21.88,161181008.0,7643036.0,0,0,0.312762,0.139583,0.118609,0.121476,0.092798,0.112354,0.117296,0.028878,-0.023415,ma20<=ma60,0.023261,0.588235,3,18,9,6,2,1,1,True,21.17,24.07,19.69,21.38,21.53,20.6,21.88,2018-01-25,20.91,-0.01274787535410763,1
2018-01-25,600275.XSHG,0,bear,-0.030466,5.58,26509292.0,4875503.0,0,0,0.103448,-0.010638,-0.027875,-0.059022,0.016393,-0.004638,-0.03167,0.017497,-0.016121,ma20<=ma60,0.001704,0.166667,3,7,4,0,2,1,1,True,5.41,5.86,5.3,5.42,5.55,5.36,5.58,2018-01-26,5.55,0.023985239852398504,1
2018-03-02,000670.XSHE,0,bear,-0.032028,5.62,264306192.0,48583104.0,0,0,0.438356,0.185654,0.156379,-0.071074,0.095517,0.134895,0.131696,0.061936,-0.056326,ma20<=ma60,0.025299,0.692308,3,38,13,0,2,1,1,True,5.44,6.18,5.06,5.46,5.58,5.35,5.62,2018-03-05,5.49,0.00733944954128441,1
2018-03-08,600749.XSHG,4,bear,-0.030265,15.86,77385552.0,5014237.0,0,0,0.345401,0.116901,0.151779,-0.053699,0.084519,0.107155,0.145292,0.049732,-0.007024,ma20<=ma60,0.001364,0.209302,3,18,6,4,2,1,1,True,15.38,17.45,14.27,15.51,15.9,15.18,15.86,2018-03-09,15.41,0.0012995451591942542,1
2018-05-31,601069.XSHG,3,bear,-0.035288,19.27,1020114304.0,51895256.0,0,0,0.424032,0.021198,0.008901,0.022281,0.036579,0.028501,-0.002665,0.033735,-0.073164,ma20<=ma60,-0.00566,0.15,3,5,4,3,2,1,1,True,18.59,21.2,17.34,20.08,20.52,18.5,19.27,2018-06-01,20.3,0.09198493813878433,1
2018-06-06,000982.XSHE,0,bear,-0.031915,1.88,30638238.0,16538343.0,0,0,0.060403,-0.06,-0.248,-0.351724,0.001065,-0.082031,-0.192266,0.033358,-0.060671,ma20<=ma60,0.045663,0.933333,3,20,7,0,2,1,1,True,1.82,1.97,1.79,1.85,1.91,1.8,1.88,2018-06-07,1.87,0.027472527472527496,1
2018-06-11,002427.XSHE,0,bear,-0.035714,9.24,169153520.0,19138826.0,0,0,0.107992,-0.039501,-0.109827,0.20156,0.039136,-0.019837,-0.004257,0.041232,-0.077099,ma20<=ma60,0.033084,0.733333,3,7,2,0,2,1,1,True,8.91,9.7,8.78,8.78,9.07,8.78,9.24,2018-06-12,8.48,-0.049327354260089634,1
2018-06-26,002849.XSHE,12,bear,-0.036281,17.64,87654248.0,5080067.0,0,0,0.238655,0.009731,-0.175258,-0.199132,0.088217,-0.00999,-0.067608,0.050461,-0.15068,ma20<=ma60,0.033767,0.716667,3,20,17,12,2,1,1,True,17.0,19.4,15.88,17.49,17.74,16.78,17.64,2018-06-27,17.09,0.0052941176470588155,1
2018-07-02,002562.XSHE,14,bear,-0.031297,6.71,302842944.0,46050260.0,0,0,0.450877,0.078778,0.17103,0.029141,0.045171,0.126784,0.090348,0.050465,-0.11264,ma20<=ma60,0.040114,0.816667,3,44,35,14,2,2,0,True,6.5,7.38,6.04,6.57,6.74,6.45,6.71,2018-07-03,6.63,0.019999999999999983,1
2018-07-02,002772.XSHE,21,bear,-0.034648,8.37,75675544.0,9256618.0,0,0,0.217277,0.05283,-0.163,-0.229282,0.074179,0.022602,-0.117135,0.038614,-0.11264,ma20<=ma60,0.040114,0.816667,3,44,35,21,2,2,0,True,8.08,9.21,7.53,8.24,8.35,7.96,8.37,2018-07-03,8.13,0.0049443757725588285,1
2018-07-04,000856.XSHE,2,bear,-0.031564,13.94,213088192.0,15758985.0,0,0,0.236702,0.106349,0.100237,-0.093628,0.086347,0.100497,-0.0,0.041822,-0.113739,ma20<=ma60,0.026293,0.633333,3,27,19,2,2,2,0,True,13.5,15.33,12.55,13.41,13.76,13.3,13.94,2018-07-05,13.04,-0.0347890451517395,1
2018-07-04,600360.XSHG,12,bear,-0.033675,6.83,158555360.0,23985474.0,0,0,0.317518,0.130795,0.055641,0.0,0.088273,0.097189,0.043624,0.039348,-0.113739,ma20<=ma60,0.026293,0.633333,3,27,19,12,2,2,0,True,6.6,7.49,6.13,6.56,6.72,6.49,6.81,2018-07-05,6.44,-0.02424242424242413,1
2018-07-11,603309.XSHG,20,bear,-0.03166,12.95,36583088.0,2912181.0,0,0,0.197257,0.064967,0.090067,-0.151887,0.092458,0.091353,0.042589,0.043217,-0.108781,ma20<=ma60,0.028019,0.65,3,31,21,20,2,1,1,True,12.54,14.25,11.66,12.54,12.88,12.2,12.95,2018-07-12,12.62,0.006379585326953754,1
2018-07-18,002314.XSHE,3,bear,-0.036058,4.16,115186712.0,27845604.0,0,0,0.205479,0.080519,0.029703,0.058524,0.079958,0.078558,0.053565,0.027696,-0.005895,ma20<=ma60,0.034854,0.783333,3,31,18,3,2,1,1,True,4.01,4.58,3.74,3.99,4.33,3.97,4.16,2018-07-19,3.88,-0.03241895261845384,1
2018-08-03,002287.XSHE,6,bear,-0.031946,30.99,87602296.0,2908370.0,0,0,0.420655,0.071206,0.063487,0.11751,0.065827,0.066378,0.067846,0.025546,-0.06328,ma20<=ma60,0.02057,0.483333,3,20,9,6,2,1,1,True,30.0,34.09,27.89,29.85,30.67,29.6,30.99,2018-08-06,28.01,-0.06633333333333329,1
2018-08-07,002888.XSHE,6,bear,-0.035638,18.8,108053976.0,5708066.0,0,0,0.123555,-0.025402,-0.117371,-0.026915,0.020851,-0.026562,-0.049112,0.044084,-0.095143,ma20<=ma60,-0.015142,0.033333,3,13,9,6,2,1,1,True,18.13,20.68,16.92,19.1,19.7,18.13,18.8,2018-08-08,19.26,0.06232763375620533,1
2018-08-09,002770.XSHE,4,bear,-0.037464,3.47,163086896.0,47296104.0,0,0,0.426633,0.051515,-0.005731,0.213287,0.087093,0.041417,0.022995,0.049441,-0.086851,ma20<=ma60,-0.001094,0.183333,3,19,9,4,2,1,1,True,3.34,3.82,3.12,3.48,3.63,3.3,3.47,2018-08-10,3.42,0.023952095808383256,1
2018-08-23,603336.XSHG,14,bear,-0.030835,23.35,429017792.0,18182448.0,0,0,0.256063,0.038553,0.004604,-0.216469,0.077924,0.040067,0.006591,0.042686,-0.099029,ma20<=ma60,0.002912,0.283333,3,18,15,14,2,1,1,True,22.63,25.69,21.02,23.7,24.71,22.63,23.35,2018-08-24,23.99,0.06009721608484311,1
2018-08-29,002196.XSHE,2,bear,-0.030837,6.81,69211808.0,10528399.0,0,0,0.349974,0.114402,0.017937,-0.034043,0.087387,0.081,0.040034,0.025664,-0.040816,ma20<=ma60,0.007818,0.3,3,17,12,2,2,1,1,True,6.6,7.49,6.13,6.53,6.7,6.4,6.81,2018-08-30,6.39,-0.031818181818181815,1
2018-08-31,002464.XSHE,1,bear,-0.035285,12.47,633518016.0,50768608.0,0,0,0.246191,0.25938,0.221148,-0.192358,0.09764,0.151831,0.14412,0.064881,-0.047477,ma20<=ma60,-0.019515,0.05,3,7,6,1,2,1,1,True,12.03,13.72,11.22,12.7,13.4,11.83,12.47,2018-09-03,12.92,0.07308970099667782,1
2018-09-03,000760.XSHE,1,bear,-0.035813,3.63,301113760.0,88548400.0,0,0,0.233333,0.067647,-0.07398,-0.344765,0.053395,0.019377,-0.083218,0.050422,-0.057959,ma20<=ma60,0.029012,0.716667,3,10,8,1,2,1,1,True,3.5,3.99,3.27,3.33,3.54,3.27,3.63,2018-09-04,3.21,-0.08285714285714287,1
2018-09-06,002091.XSHE,1,bear,-0.030695,6.19,199085200.0,33307276.0,0,0,0.456375,0.069085,0.097557,0.06175,0.075026,0.069096,0.070023,0.025029,-0.062705,ma20<=ma60,0.008811,0.316667,3,15,9,1,2,2,0,True,6.0,6.81,5.57,5.99,6.07,5.86,6.19,2018-09-07,5.81,-0.03166666666666673,1
2018-09-06,002143.XSHE,2,bear,-0.031161,3.53,300385888.0,80832704.0,0,0,0.060373,0.13141,0.089372,-0.073491,0.112161,0.103428,0.050233,0.037385,-0.062705,ma20<=ma60,0.008811,0.316667,3,15,9,2,2,2,0,True,3.42,3.88,3.18,3.88,3.88,3.37,3.53,2018-09-10,4.56,0.33333333333333326,2
2018-09-06,600532.XSHG,7,bear,-0.034483,3.77,107477960.0,29492644.0,0,0,0.138418,0.102339,0.099318,0.02168,0.096568,0.091861,0.067456,0.029275,-0.062705,ma20<=ma60,0.008811,0.316667,3,15,9,7,2,2,0,False,3.64,4.15,3.39,3.6,3.75,3.57,3.77,,0.0,0.0,0
2018-10-11,002893.XSHE,4,bear,-0.031414,19.1,289682880.0,14888351.0,0,0,0.326478,0.080317,0.111111,0.108532,0.090058,0.097197,0.072371,0.047974,-0.043731,ma20<=ma60,0.033687,0.8,3,19,14,4,2,2,0,True,18.5,21.01,17.19,20.35,20.7,18.28,19.1,2018-10-12,19.4,0.048648648648648575,1
2018-10-11,603041.XSHG,8,bear,-0.039078,15.61,49654832.0,3342648.0,0,0,0.308511,0.050471,0.074329,0.061183,0.063062,0.045966,0.064693,0.030489,-0.043731,ma20<=ma60,0.033687,0.8,3,19,14,8,2,2,0,True,15.0,17.17,14.05,14.53,15.49,14.12,15.61,2018-10-12,15.21,0.013324450366422456,1
2018-10-17,603936.XSHG,5,bear,-0.032047,15.29,90898112.0,6115730.0,0,0,0.194406,-0.039573,-0.100588,-0.086073,0.032829,-0.02144,-0.059395,0.03606,-0.150663,ma20<=ma60,0.002877,0.2,3,11,8,5,2,1,1,True,14.8,16.82,13.76,15.33,15.41,14.35,15.29,2018-10-18,14.02,-0.05334233625928433,1
2018-10-18,603516.XSHG,15,bear,-0.035684,23.54,164155552.0,7310068.0,0,0,0.208005,0.012473,-0.028076,-0.041531,0.108495,0.066027,0.014284,0.044176,-0.144479,ma20<=ma60,0.035011,0.85,3,23,17,15,2,1,1,True,22.7,25.89,21.19,21.8,23.35,21.71,23.54,2018-10-19,20.88,-0.08017621145374451,1
2018-10-25,000153.XSHE,1,bear,-0.03352,5.37,52079840.0,9727893.0,0,0,0.247475,0.057087,-0.113861,-0.118227,0.05959,0.045154,-0.048968,0.040384,-0.127467,ma20<=ma60,0.029898,0.8,3,23,19,1,2,2,0,True,5.19,5.91,4.83,5.38,5.55,5.12,5.37,2018-10-26,5.32,0.023076923076923096,1
2018-10-25,002336.XSHE,4,bear,-0.034946,7.44,51302288.0,6959332.0,0,0,0.229339,0.134146,-0.087117,-0.099274,0.092832,0.098641,-0.034393,0.049616,-0.127467,ma20<=ma60,0.029898,0.8,3,23,19,4,2,2,0,True,7.18,8.18,6.7,7.34,7.66,6.99,7.44,2018-10-26,7.11,-0.009749303621169833,1
2018-11-01,002766.XSHE,9,bear,-0.035398,6.78,192508208.0,28217286.0,0,0,0.268293,-0.018813,0.126246,-0.100796,0.002959,0.0293,0.026573,0.05126,-0.117631,ma20<=ma60,0.014848,0.5,3,44,27,9,2,1,1,True,6.54,7.46,6.1,6.87,7.2,6.53,6.78,2018-11-02,6.93,0.05963302752293573,1
2018-12-28,000979.XSHE,0,bear,,0.22,,,0,0,0.012987,-0.043478,-0.185185,-0.153846,-0.026549,-0.06383,-0.126984,0.044413,-0.086979,ma20>ma60,-0.027331,0.0,3,8,4,0,2,0,2,False,,,,,,,,,0.0,0.0,0
2019-01-31,000736.XSHE,2,bear,-0.039616,8.33,90607408.0,11444236.0,0,0,0.476852,0.130258,0.118121,0.121131,0.0949,0.110371,0.114605,0.024878,-0.049832,ma20<=ma60,-0.022635,0.033333,3,16,9,2,2,1,1,True,8.0,9.16,7.5,7.85,8.19,7.53,8.33,2019-02-01,7.77,-0.02996254681647943,1
2019-05-08,000957.XSHE,4,bear,-0.038217,7.85,313423904.0,39766344.0,0,0,0.496377,-0.205466,-0.224308,-0.024845,-0.033013,-0.133554,-0.135986,0.066474,-0.151368,ma20>ma60,0.039114,0.8,3,58,17,4,2,1,1,True,7.55,8.64,7.07,7.88,8.31,7.41,7.85,2019-05-09,8.26,0.09403973509933775,1
2019-05-09,000570.XSHE,0,bear,-0.032129,4.98,64797112.0,13259515.0,0,0,0.420664,-0.00994,-0.132404,-0.145798,0.05152,-0.015421,-0.065929,0.040611,-0.153872,ma20>ma60,0.012046,0.45,3,35,14,0,2,1,1,True,4.82,5.48,4.48,4.88,5.05,4.75,4.98,2019-05-10,4.94,0.022774327122153274,1
2019-05-13,000670.XSHE,5,bear,-0.034268,3.21,188736848.0,61006068.0,0,0,0.051414,-0.038922,-0.256944,-0.329854,0.035484,-0.057822,-0.184762,0.033783,-0.129447,ma20>ma60,0.053992,0.933333,3,71,24,5,2,1,1,True,3.1,3.37,3.05,3.05,3.17,3.05,3.21,2019-05-14,2.95,-0.04838709677419352,1
2019-05-14,002442.XSHE,3,bear,-0.032033,7.18,120624968.0,17683272.0,0,0,0.276236,0.163695,-0.129697,-0.204485,0.108025,0.067182,-0.050349,0.043969,-0.135828,ma20>ma60,0.01609,0.5,3,25,9,3,2,1,1,True,6.95,7.9,6.46,6.83,7.06,6.65,7.18,2019-05-15,6.9,-0.008620689655172358,1
2019-05-17,603650.XSHG,31,bear,-0.031812,21.69,167196960.0,7761068.0,0,0,0.345023,0.134414,0.07217,-0.068699,0.080933,0.101574,0.007829,0.047258,-0.116379,ma20<=ma60,0.009359,0.383333,3,60,32,31,2,1,1,True,21.0,23.86,19.52,21.65,22.06,20.9,21.69,2019-05-20,21.6,0.02857142857142864,1
2019-05-21,002121.XSHE,2,bear,-0.037168,5.65,233938608.0,42449476.0,0,0,0.229299,0.090734,0.146045,-0.093098,0.05726,0.082998,0.020224,0.040965,-0.15061,ma20<=ma60,0.020529,0.65,3,22,11,2,2,1,1,True,5.44,6.22,5.09,5.49,5.71,5.37,5.65,2019-05-22,5.51,0.011009174311926533,1
2019-05-24,600128.XSHG,2,bear,-0.039903,8.27,262038304.0,31729762.0,0,0,0.215385,0.040252,0.104139,-0.191593,0.074584,0.070827,0.028863,0.043253,-0.143915,ma20<=ma60,-0.005485,0.266667,3,13,6,2,2,1,1,True,7.94,9.1,7.44,8.7,9.0,7.91,8.27,2019-05-27,8.39,0.055345911949685585,1
2019-06-13,000017.XSHE,0,bear,-0.031579,4.75,76459408.0,16600517.0,0,0,0.367568,0.112412,0.032609,0.067416,0.099028,0.084227,0.0793,0.039994,-0.047472,ma20<=ma60,0.014546,0.516667,3,38,20,0,2,2,0,True,4.6,5.23,4.28,4.56,4.75,4.52,4.75,2019-06-14,4.49,-0.02391304347826075,1
2019-06-13,002606.XSHE,7,bear,-0.030201,5.96,157339872.0,26154308.0,0,0,0.239521,0.155039,0.049296,-0.019737,0.094381,0.092576,0.057769,0.032512,-0.047472,ma20<=ma60,0.014546,0.516667,3,38,20,7,2,2,0,True,5.78,6.56,5.36,6.14,6.48,5.7,5.96,2019-06-14,5.91,0.020725388601036288,1
2019-06-18,002517.XSHE,7,bear,-0.030303,3.63,554404160.0,148872464.0,0,0,0.314159,0.243151,0.137931,0.052174,0.079073,0.126629,0.114523,0.045582,-0.047503,ma20<=ma60,0.038258,0.85,3,27,16,7,2,1,1,True,3.52,3.99,3.27,3.67,3.92,3.49,3.63,2019-06-19,3.69,0.04829545454545452,1
2019-06-20,600017.XSHG,7,bear,-0.032934,3.34,313305856.0,97280424.0,0,0,0.477567,0.10231,0.102165,0.080906,0.082307,0.09652,0.098796,0.024658,-0.029869,ma20<=ma60,0.033972,0.8,3,36,21,7,2,1,1,True,3.23,3.67,3.01,3.24,3.29,3.17,3.34,2019-06-21,3.22,-0.0030959752321980762,1
2019-06-24,002284.XSHE,18,bear,-0.033392,5.69,164103504.0,28302874.0,0,0,0.482927,0.178054,0.210638,0.165984,0.113939,0.13709,0.147409,0.028213,0.0,ma20<=ma60,0.033702,0.783333,3,59,53,18,2,2,0,True,5.5,6.26,5.12,5.85,6.14,5.34,5.69,2019-06-25,5.61,0.02000000000000006,1
2019-06-24,002359.XSHE,21,bear,-0.032374,2.78,92359216.0,34398228.0,0,0,0.013627,-0.133956,-0.13125,-0.481343,-0.019054,-0.058266,-0.209891,0.036294,0.0,ma20<=ma60,0.033702,0.783333,3,59,53,21,2,2,0,True,2.69,2.92,2.64,2.7,2.75,2.64,2.78,2019-06-25,2.74,0.018587360594795637,1
2019-06-25,000408.XSHE,0,bear,-0.03555,8.72,626097408.0,70963384.0,0,0,0.353519,0.323217,0.305389,0.162667,0.089183,0.177901,0.19879,0.044358,-0.000415,ma20<=ma60,0.00199,0.333333,3,25,12,0,2,0,2,False,8.41,9.59,7.85,8.97,9.5,8.22,8.72,,0.0,0.0,0
2019-06-26,600212.XSHG,7,bear,-0.033259,4.51,141334624.0,32646054.0,0,0,0.395062,0.183727,0.183727,0.06872,0.089899,0.130609,0.151832,0.034356,-0.010054,ma20<=ma60,-0.006767,0.216667,3,24,11,7,2,1,1,True,4.36,4.96,4.06,4.27,4.44,4.24,4.51,2019-06-27,4.21,-0.03661327231121285,1
2019-06-28,600880.XSHG,6,bear,-0.033079,3.93,34105184.0,8996705.0,0,0,0.288462,0.010283,0.02611,-0.010076,-0.00355,0.017344,0.028527,0.017481,-0.001567,ma20<=ma60,0.012403,0.5,3,31,13,6,2,1,1,True,3.8,4.32,3.54,3.79,3.91,3.74,3.93,2019-07-01,3.87,0.018421052631579022,1
2019-07-01,600747.XSHG,7,bear,-0.035714,1.12,44182172.0,40192256.0,0,0,0.211765,0.131313,0.108911,-0.058824,0.044776,0.09589,0.088435,0.033121,-0.01565,ma20<=ma60,-0.003377,0.283333,3,15,10,7,2,1,1,True,1.08,1.18,1.06,1.11,1.14,1.07,1.12,2019-07-02,1.14,0.05555555555555539,1
2019-07-02,600240.XSHG,22,bear,-0.038462,1.04,102865416.0,98305832.0,0,0,0.063158,0.209302,0.130435,-0.063063,0.065574,0.11588,0.078838,0.040228,0.0,ma20<=ma60,0.039642,0.9,3,56,30,22,2,1,1,True,1.0,1.09,0.99,1.06,1.09,0.99,1.04,2019-07-03,1.04,0.040000000000000036,1
2019-07-08,000510.XSHE,0,bear,-0.031496,5.08,310617856.0,60163464.0,0,0,0.396313,0.114035,0.078556,0.192488,0.07173,0.079702,0.098497,0.028687,-0.010808,ma20<=ma60,-0.005819,0.25,3,24,10,0,2,1,1,True,4.92,5.59,4.57,5.18,5.48,4.85,5.08,2019-07-09,5.01,0.01829268292682924,1
2019-07-10,603168.XSHG,15,bear,-0.038674,9.05,163002784.0,18382192.0,0,0,0.484909,0.213137,0.258693,0.267507,0.125062,0.174105,0.215989,0.029656,-0.040699,ma20<=ma60,0.019187,0.716667,3,26,16,15,2,1,1,True,8.7,9.96,8.15,8.77,9.48,8.5,9.05,2019-07-11,8.81,0.011481056257175618,1
2019-07-12,600172.XSHG,2,bear,-0.031339,3.51,286928736.0,82325128.0,0,0,0.261364,0.057229,0.063636,0.08,0.070122,0.063314,0.062992,0.030218,-0.050536,ma20<=ma60,0.008035,0.466667,3,19,12,2,2,1,1,True,3.4,3.86,3.16,3.46,3.55,3.35,3.51,2019-07-15,3.46,0.01764705882352943,1
2019-07-17,000068.XSHE,0,bear,-0.036957,4.6,252096848.0,55459028.0,0,0,0.196787,0.072261,0.064815,0.084906,0.067285,0.065308,0.06003,0.029045,-0.03616,ma20<=ma60,0.018975,0.716667,3,18,12,0,2,2,0,True,4.43,5.06,4.14,4.63,4.78,4.37,4.6,2019-07-18,4.48,0.011286681715575782,1
2019-07-17,600732.XSHG,10,bear,-0.03481,6.32,42692696.0,6961818.0,0,0,0.153846,-0.042424,-0.081395,-0.045317,-0.001264,-0.037319,-0.058122,0.020427,-0.03616,ma20<=ma60,0.018975,0.716667,3,18,12,10,2,2,0,True,6.1,6.64,6.0,6.1,6.36,6.0,6.32,2019-07-18,6.3,0.03278688524590167,1
2019-07-31,600695.XSHG,6,bear,-0.030255,6.28,138587136.0,22944112.0,0,0,0.459854,0.101754,0.027823,-0.039755,0.068027,0.066033,0.039305,0.029819,-0.034779,ma20<=ma60,0.004446,0.366667,3,18,10,6,2,1,1,True,6.09,6.91,5.65,5.99,6.16,5.95,6.28,2019-08-01,6.02,-0.011494252873563265,1
2019-08-15,603583.XSHG,13,bear,-0.032457,32.35,355745952.0,10704066.0,0,0,0.351695,0.071547,0.004346,0.011886,0.074037,0.060378,0.048062,0.034142,-0.05305,ma20<=ma60,-0.000291,0.3,3,23,14,13,2,1,1,True,31.3,35.59,29.12,34.83,35.59,31.1,32.35,2019-08-16,34.51,0.1025559105431309,1
2019-08-26,000982.XSHE,1,bear,-0.03012,1.66,11332027.0,6667486.0,0,0,0.173077,0.018405,-0.023529,-0.13089,-0.001203,0.009732,-0.027818,0.025602,-0.008048,ma20<=ma60,0.009382,0.45,3,23,9,1,2,2,0,True,1.61,1.74,1.58,1.67,1.74,1.61,1.66,2019-08-27,1.68,0.04347826086956511,1
2019-08-26,600225.XSHG,5,bear,-0.033233,3.31,78799880.0,24455600.0,0,0,0.373984,0.088816,0.161404,0.00303,0.070505,0.069813,0.067398,0.036748,-0.008048,ma20<=ma60,0.009382,0.45,3,23,9,5,2,2,0,True,3.2,3.64,2.98,3.25,3.28,3.15,3.31,2019-08-27,3.31,0.03115264797507791,1
2019-11-12,002147.XSHE,0,bear,-0.035897,1.95,13857846.0,7203990.0,0,0,0.369565,0.059783,0.031746,-0.010152,0.052916,0.06267,0.046137,0.01931,-0.044636,ma20<=ma60,0.004456,0.316667,3,9,2,0,2,1,1,True,1.88,2.05,1.85,1.93,1.95,1.88,1.95,2019-11-13,1.98,0.05319148936170218,1
2019-11-27,000536.XSHE,0,bear,-0.039427,2.79,315602304.0,117905848.0,0,0,0.432099,0.107143,0.107143,0.041045,0.083075,0.103203,0.08666,0.027631,-0.038178,ma20<=ma60,0.000325,0.183333,3,17,11,0,2,1,1,True,2.68,3.07,2.51,2.64,2.73,2.61,2.79,2019-11-28,2.62,-0.026022304832713696,1
2019-11-27,002680.XSHE,6,bear,,0.77,,,0,0,0.333333,0.283333,0.638298,0.45283,0.078431,0.233974,0.444653,0.065598,-0.038178,ma20<=ma60,0.000325,0.183333,3,17,11,6,2,1,1,False,,,,,,,,,0.0,0.0,0
2019-12-02,600614.XSHG,3,bear,-0.032609,0.92,45148688.0,50525584.0,0,0,0.173913,-0.031579,0.045455,-0.132075,-0.021277,-0.006479,-0.050077,0.036893,-0.042123,ma20<=ma60,0.0057,0.35,3,14,6,3,2,1,1,True,0.89,0.97,0.87,0.87,0.93,0.87,0.92,2019-12-10,1.12,0.24444444444444452,6
2019-12-04,600747.XSHG,11,bear,-0.035714,0.28,4454739.0,16590612.0,0,0,0.044118,-0.034483,0.12,-0.096774,-0.014085,-0.007092,0.038961,0.05011,-0.031612,ma20<=ma60,0.01618,0.6,3,30,18,11,2,2,0,True,0.27,0.31,0.25,0.27,0.28,0.26,0.28,2019-12-05,0.26,-0.07142857142857148,1
2020-03-30,002612.XSHE,4,bear,-0.034642,8.66,183466912.0,20883144.0,0,0,0.491228,0.094817,0.08794,0.044632,0.092331,0.099403,0.051992,0.034572,-0.120684,ma20>ma60,-0.005129,0.083333,3,27,9,4,2,1,1,True,8.36,9.53,7.79,8.82,9.17,8.36,8.66,2020-03-31,8.43,0.007168458781362067,1
2020-04-01,002605.XSHE,6,bear,-0.0301,29.9,717457792.0,24447912.0,0,0,0.423956,0.179487,0.131718,-0.14936,0.107571,0.129325,0.064967,0.044328,-0.14071,ma20<=ma60,0.022399,0.616667,3,54,19,6,2,1,1,True,29.0,32.89,26.91,28.68,30.33,28.58,29.9,2020-04-02,29.41,0.014137931034482763,1
2020-04-02,600086.XSHG,3,bear,-0.03211,2.18,221693248.0,100030584.0,0,0,0.228571,-0.035398,0.153439,0.004608,0.022514,0.057226,0.057739,0.048657,-0.144483,ma20<=ma60,0.001617,0.183333,3,21,14,3,2,1,1,True,2.11,2.4,1.96,2.2,2.34,2.08,2.18,2020-04-03,2.26,0.07109004739336489,1
2020-04-02,600335.XSHG,5,bear,-0.030142,5.64,187560800.0,34119544.0,0,0,0.47651,0.076336,0.112426,-0.027586,0.084615,0.091331,0.058956,0.033687,-0.144483,ma20<=ma60,0.001617,0.183333,3,21,14,5,2,1,1,False,5.47,6.2,5.08,5.61,5.62,5.39,5.64,,0.0,0.0,0
2020-04-02,600766.XSHG,7,bear,-0.03576,7.83,178940480.0,23112126.0,0,0,0.421941,-0.070071,-0.046285,-0.052058,0.021926,-0.015961,-0.032796,0.03306,-0.144483,ma20<=ma60,0.001617,0.183333,3,21,14,7,2,1,1,False,7.55,8.61,7.05,7.79,8.0,7.5,7.83,,0.0,0.0,0
2020-04-13,002444.XSHE,2,bear,-0.030331,10.88,511044000.0,49001932.0,0,0,0.423559,0.14647,0.094567,-0.048951,0.090836,0.117502,0.076215,0.043619,-0.051793,ma20<=ma60,-0.033315,0.0,3,19,7,2,2,1,1,True,10.55,11.97,9.79,10.3,10.78,10.19,10.88,2020-04-14,10.18,-0.03598484848484856,1
2020-04-27,600241.XSHG,5,bear,-0.036585,3.28,37067284.0,11746129.0,0,0,0.0,-0.070822,-0.111111,-0.154639,-0.026706,-0.058013,-0.091035,0.019615,-0.025924,ma20<=ma60,-0.032528,0.033333,3,27,10,5,2,1,1,True,3.16,3.44,3.12,3.12,3.32,3.12,3.28,2020-04-28,3.02,-0.04731861198738168,1
2020-04-30,600856.XSHG,20,bear,-0.037736,1.06,16182719.0,15062800.0,0,0,0.0,-0.123967,-0.208955,-0.263889,-0.041591,-0.111484,-0.171551,0.023566,-0.047873,ma20<=ma60,0.003917,0.183333,3,47,30,20,2,1,1,True,1.02,1.11,1.01,1.07,1.11,1.02,1.06,2020-05-06,1.08,0.058823529411764754,1
2020-05-06,603313.XSHG,48,bear,-0.034422,22.66,190682768.0,8367960.0,0,0,0.397573,0.14967,0.230853,0.325922,0.110567,0.122282,0.191346,0.038325,-0.025469,ma20<=ma60,0.00558,0.25,3,74,52,48,2,1,1,True,21.88,24.93,20.39,22.89,23.5,21.84,22.66,2020-05-07,22.35,0.021480804387568667,1
2020-05-26,002464.XSHE,8,bear,-0.032258,6.2,402779072.0,65188044.0,0,0,0.256345,-0.046154,-0.067669,-0.253012,0.015395,-0.028213,-0.080664,0.056248,-0.044576,ma20<=ma60,0.014607,0.55,3,43,23,8,2,1,1,True,6.0,6.82,5.58,6.22,6.43,5.9,6.2,2020-05-27,5.98,-0.0033333333333332624,1
2020-09-10,600145.XSHG,1,bear,-0.036082,1.94,46846912.0,25104510.0,0,0,0.472603,0.043011,0.168675,0.395683,-0.004107,0.02537,0.139835,0.03866,-0.071879,ma20>ma60,-0.01118,0.033333,3,18,4,1,2,1,1,True,1.87,2.04,1.84,1.84,1.94,1.84,1.94,2020-09-11,1.78,-0.05319148936170206,1
2020-09-11,002041.XSHE,1,bear,-0.034688,18.45,828293760.0,44691940.0,0,0,0.486911,-0.002703,-0.087086,-0.083458,0.040961,-0.025614,-0.09263,0.054458,-0.104767,ma20>ma60,-0.080549,0.0,3,14,4,1,2,1,1,True,17.81,20.3,16.61,18.8,19.46,17.7,18.45,2020-09-14,19.1,0.07243121841662004,1
2020-10-26,002638.XSHE,2,bear,-0.034247,1.46,42824436.0,28643624.0,0,0,0.269231,0.006897,0.0,-0.045752,0.018131,0.004127,-0.003073,0.016602,-0.058484,ma20<=ma60,0.034669,0.85,3,15,6,2,2,1,1,True,1.41,1.53,1.39,1.52,1.53,1.41,1.46,2020-10-27,1.51,0.0709219858156029,1
2020-11-24,600687.XSHG,3,bear,-0.038462,1.04,10753293.0,10845060.0,0,0,0.157895,0.029703,-0.018868,-0.045872,0.029703,0.019608,0.003377,0.026819,-0.00646,ma20<=ma60,0.034151,0.8,3,34,6,3,2,1,1,True,1.0,1.09,0.99,0.99,1.0,0.99,1.04,2020-11-25,0.97,-0.030000000000000027,1
2020-12-01,000673.XSHE,0,bear,-0.034722,1.44,21970880.0,15255800.0,0,0,0.148936,-0.027027,0.014085,0.035971,0.008403,-0.009629,0.00805,0.026001,-0.033512,ma20<=ma60,0.01983,0.616667,3,23,8,0,2,2,0,True,1.39,1.51,1.37,1.45,1.47,1.39,1.44,2020-12-02,1.44,0.03597122302158277,1
2020-12-01,600291.XSHG,6,bear,-0.033613,5.95,604439360.0,101957976.0,0,0,0.24424,0.068223,0.051237,0.032986,0.06899,0.066691,0.052538,0.025664,-0.033512,ma20<=ma60,0.01983,0.616667,3,23,8,6,2,2,0,True,5.75,6.55,5.36,6.16,6.48,5.64,5.95,2020-12-02,6.15,0.0695652173913044,1
2020-12-15,600146.XSHG,6,bear,-0.035211,1.42,35267596.0,25979508.0,0,0,0.094595,0.0,0.0,-0.013889,0.009957,-0.002108,-0.02439,0.028358,-0.033957,ma20<=ma60,0.022892,0.7,3,42,14,6,2,1,1,True,1.37,1.49,1.35,1.35,1.39,1.35,1.42,2020-12-16,1.31,-0.050724637681159306,1
2020-12-16,600825.XSHG,3,bear,-0.030361,5.27,51393864.0,10013288.0,0,0,0.225352,0.039448,-0.007533,-0.068905,0.065507,0.037402,-0.004815,0.026315,-0.031066,ma20<=ma60,0.008553,0.383333,3,26,9,3,2,1,1,True,5.11,5.8,4.74,5.18,5.27,5.03,5.27,2020-12-17,5.12,0.0,1
2020-12-21,000585.XSHE,0,bear,-0.031447,1.59,12969688.0,8439444.0,0,0,0.152174,-0.121547,-0.145161,-0.163158,-0.025735,-0.086207,-0.118625,0.026812,-0.034458,ma20<=ma60,0.015831,0.55,3,44,10,0,2,1,1,True,1.54,1.67,1.51,1.55,1.56,1.51,1.59,2020-12-22,1.62,0.05194805194805199,1
2020-12-30,002467.XSHE,7,bear,-0.031879,5.96,219009344.0,37560960.0,0,0,0.327273,0.017065,-0.022951,-0.101056,0.059367,0.031677,-0.021025,0.028847,-0.039926,ma20<=ma60,0.014385,0.466667,3,40,27,7,2,1,1,True,5.77,6.56,5.36,5.84,5.96,5.75,5.96,2020-12-31,5.87,0.017331022530329383,1
2021-01-15,002105.XSHE,8,bear,-0.03198,8.13,69996600.0,8884540.0,0,0,0.416249,0.202663,0.129026,0.030288,0.118294,0.124736,0.102798,0.033892,-0.04416,ma20<=ma60,0.013158,0.45,3,59,42,8,2,2,0,True,7.87,8.94,7.32,7.74,8.02,7.73,8.13,2021-01-18,7.68,-0.0253807106598985,1
2021-01-15,002147.XSHE,9,bear,-0.036145,0.83,25888708.0,30555516.0,0,0,0.060606,-0.126316,-0.201923,-0.31405,-0.011905,-0.105603,-0.195347,0.028528,-0.04416,ma20<=ma60,0.013158,0.45,3,59,42,9,2,2,0,True,0.8,0.87,0.79,0.87,0.87,0.79,0.83,2021-01-21,0.97,0.19753086419753074,4
2021-01-18,002825.XSHE,34,bear,-0.033543,14.31,101457656.0,6943157.0,0,0,0.214214,0.059215,7e-05,-0.080269,0.072714,0.050453,0.013503,0.031531,-0.040982,ma20<=ma60,0.016221,0.516667,3,64,39,34,2,1,1,False,13.83,15.74,12.88,15.15,15.62,13.63,14.31,,0.0,0.0,0
2021-01-20,000613.XSHE,3,bear,-0.036946,4.06,86062200.0,21132432.0,0,0,0.221296,0.103261,-0.079553,-0.115661,0.112329,0.072913,-0.010602,0.039982,-0.028407,ma20<=ma60,0.016826,0.516667,3,49,30,3,2,2,0,True,3.91,4.47,3.65,4.47,4.47,3.85,4.06,2021-01-26,3.72,-0.05102040816326524,4
2021-01-27,600800.XSHG,9,bear,-0.030992,4.84,146219536.0,30349608.0,0,0,0.420229,0.049892,0.115207,0.059035,0.063269,0.075078,0.071138,0.028561,-0.040155,ma20<=ma60,0.002559,0.066667,3,46,16,9,2,2,0,True,4.69,5.32,4.36,4.97,5.23,4.62,4.84,2021-01-28,4.8,0.021276595744680774,1
2021-01-27,002237.XSHE,13,bear,-0.031797,12.58,271601888.0,22088768.0,0,0,0.327567,0.038811,0.040529,-0.049145,0.042426,0.043637,0.01068,0.029464,-0.040155,ma20<=ma60,0.002559,0.066667,3,46,16,13,2,2,0,True,12.18,13.84,11.32,12.33,12.54,12.06,12.58,2021-01-28,12.63,0.036095159967186326,1
2021-01-28,002086.XSHE,3,bear,-0.035928,1.67,5858246.0,3558672.0,0,0,0.142839,0.0,0.030864,-0.077348,0.008454,0.015198,-0.020528,0.028645,-0.039617,ma20<=ma60,0.022924,0.716667,3,54,25,3,2,0,2,False,1.61,1.75,1.59,1.64,1.69,1.6,1.67,,0.0,0.0,0
2021-01-29,002830.XSHE,10,bear,-0.035897,9.75,31242920.0,3370133.0,0,0,0.299608,0.042781,0.166268,-0.060648,0.039224,0.045464,0.035648,0.044006,-0.059981,ma20<=ma60,0.003748,0.116667,3,30,22,10,2,1,1,True,9.4,10.73,8.78,9.2,9.65,8.94,9.75,2021-02-01,8.74,-0.07120085015940487,1
2021-02-03,002611.XSHE,19,bear,-0.030879,4.21,137995376.0,33311346.0,0,0,0.362345,0.068528,-0.018648,-0.090693,0.076176,0.042595,0.000952,0.030091,-0.048576,ma20<=ma60,0.017105,0.6,3,60,35,19,2,1,1,True,4.08,4.63,3.79,4.16,4.24,4.04,4.21,2021-02-04,4.35,0.06617647058823518,1
2021-02-05,603290.XSHG,17,bear,-0.035248,242.0,649976768.0,2790291.0,0,0,0.371351,0.065985,-0.04608,-0.100305,0.062419,0.02795,-0.038635,0.045578,-0.085597,ma20<=ma60,0.010774,0.4,3,38,18,17,2,1,1,True,233.47,266.2,217.8,226.63,238.88,226.0,242.0,2021-02-08,238.6,0.021972844476806423,1
2021-02-08,002516.XSHE,7,bear,-0.03537,3.11,77988888.0,26173880.0,0,0,0.225806,0.068729,0.0,-0.025078,0.059986,0.04855,0.019505,0.026959,-0.103751,ma20<=ma60,-0.025459,0.0,3,41,23,7,2,1,1,True,3.0,3.42,2.8,3.0,3.06,2.93,3.11,2021-02-09,3.0,0.0,1
2021-02-09,002663.XSHE,15,bear,-0.030303,1.65,90455368.0,54587736.0,0,0,0.227819,0.050955,-0.023669,-0.017857,0.06727,0.022939,-0.016979,0.038902,-0.097299,ma20<=ma60,-0.008691,0.033333,3,53,27,15,2,1,1,True,1.6,1.82,1.49,1.69,1.8,1.55,1.65,2021-02-10,1.61,0.0062500000000000056,1
2021-03-19,002568.XSHE,4,bear,-0.034609,103.73,533390016.0,5314660.0,0,0,0.353661,0.118986,0.094198,-0.222996,0.096303,0.123908,0.054939,0.046561,-0.038866,ma20<=ma60,0.016267,0.55,3,46,8,4,2,1,1,True,100.14,114.1,93.36,98.3,103.55,98.0,103.73,2021-03-22,96.78,-0.03355302576393049,1
2021-04-01,000007.XSHE,0,bear,-0.031008,3.87,251034096.0,62495068.0,0,0,0.258645,0.032,-0.176596,-0.076372,0.0309,-0.029589,-0.049957,0.062651,-0.025229,ma20<=ma60,0.000536,0.1,3,55,9,0,2,1,1,True,3.75,4.26,3.48,4.0,4.2,3.75,3.87,2021-04-02,4.05,0.07999999999999995,1
2021-04-15,600891.XSHG,8,bear,-0.030303,0.33,1652690.0,5104252.0,0,0,0.033704,0.1,-0.34,-0.722712,-0.006024,-0.0625,-0.446782,0.067785,-0.015989,ma20<=ma60,0.017818,0.6,3,53,10,8,2,1,1,True,0.32,0.36,0.3,0.33,0.33,0.32,0.33,2021-04-16,0.33,0.0,1
2021-10-18,000498.XSHE,0,bear,-0.030645,6.2,262777040.0,41224788.0,0,0,0.323699,0.043771,-0.09621,-0.142462,0.066758,0.050491,-0.049736,0.03526,-0.077998,ma20>ma60,-0.012724,0.033333,3,29,8,0,2,1,1,True,6.01,6.82,5.58,6.29,6.69,5.95,6.2,2021-10-19,6.52,0.08485856905158067,1
2021-11-04,000710.XSHE,10,bear,-0.030538,20.63,157348928.0,7816165.0,0,0,0.195021,0.070576,0.016256,-0.035981,0.064499,0.04758,0.002551,0.034377,-0.019539,ma20<=ma60,0.002095,0.2,3,43,16,10,2,1,1,True,20.0,22.69,18.57,20.28,20.4,19.8,20.63,2021-11-05,21.59,0.07949999999999999,1
2022-02-08,600191.XSHG,15,bear,-0.030471,3.61,33433760.0,9062800.0,0,0,0.377049,0.034384,-0.052493,0.005571,0.07249,0.029076,-0.012042,0.030178,-0.115425,ma20<=ma60,0.019891,0.683333,3,76,25,15,2,1,1,True,3.5,3.79,3.43,3.66,3.79,3.5,3.61,2022-02-09,3.68,0.051428571428571476,1
2022-02-09,600091.XSHG,8,bear,-0.036585,1.64,21770250.0,13729400.0,0,0,0.050562,-0.093923,-0.296137,-0.38806,0.012346,-0.094923,-0.255392,0.030679,-0.09738,ma20<=ma60,0.036693,0.966667,3,45,15,8,2,1,1,True,1.58,1.72,1.56,1.6,1.62,1.56,1.64,2022-02-10,1.59,0.006329113924050638,1
2022-02-11,600093.XSHG,4,bear,-0.034314,2.04,55219508.0,28316760.0,0,0,0.092593,-0.023923,-0.146444,-0.227273,0.038697,-0.025788,-0.12895,0.031008,-0.081002,ma20<=ma60,0.010024,0.316667,3,37,10,4,2,1,1,True,1.97,2.14,1.94,1.94,2.0,1.94,2.04,2022-02-14,1.86,-0.05583756345177659,1
2022-02-16,002086.XSHE,0,bear,-0.034364,2.91,130171136.0,46661100.0,0,0,0.396491,0.054348,-0.099071,-0.2725,0.001376,0.014644,-0.149744,0.047699,-0.087504,ma20<=ma60,0.012823,0.416667,3,38,13,0,2,1,1,True,2.81,3.06,2.76,2.77,2.85,2.76,2.91,2022-02-17,2.77,-0.01423487544483987,1
2022-03-03,600146.XSHG,4,bear,-0.033493,2.09,98390280.0,47381904.0,0,0,0.051813,-0.091304,-0.004762,-0.228782,-0.010417,-0.056433,-0.06278,0.042948,-0.004844,ma20<=ma60,0.02811,0.833333,3,41,11,4,2,1,1,True,2.02,2.19,1.99,2.05,2.16,2.01,2.09,2022-03-08,2.18,0.07920792079207928,3
2022-03-08,002599.XSHE,4,bear,-0.033333,6.0,279300992.0,48033908.0,0,0,0.249123,0.098901,0.050788,0.107011,0.066098,0.074114,0.064963,0.033044,-0.048946,ma20<=ma60,0.024549,0.75,3,31,8,4,2,1,1,True,5.8,6.6,5.4,5.7,6.0,5.68,6.0,2022-03-09,5.91,0.018965517241379366,1
2022-03-15,002301.XSHE,2,bear,-0.032967,7.28,245228432.0,35108832.0,0,0,0.297619,0.044476,0.047482,0.012517,0.082045,0.055072,0.031308,0.030053,-0.087217,ma20<=ma60,0.00078,0.183333,3,29,10,2,2,1,1,True,7.04,8.01,6.55,6.78,7.2,6.77,7.28,2022-03-16,6.64,-0.05681818181818187,1
2022-03-16,600093.XSHG,1,bear,-0.036585,1.64,55971760.0,35433656.0,0,0,0.053691,-0.078652,-0.132275,-0.073446,-0.003645,-0.066591,-0.101124,0.034061,-0.131123,ma20<=ma60,-0.020714,0.066667,3,14,3,1,2,1,1,True,1.58,1.72,1.56,1.58,1.62,1.56,1.64,2022-03-17,1.63,0.03164556962025305,1
2022-03-18,002422.XSHE,12,bear,-0.034639,17.61,524467232.0,30514744.0,0,0,0.424628,0.060843,-0.007328,-0.001701,0.065465,0.053986,0.026822,0.034126,-0.084808,ma20<=ma60,0.023403,0.7,3,73,57,12,2,2,0,True,17.0,19.37,15.85,17.2,17.41,16.82,17.61,2022-03-21,17.01,0.0005882352941177391,1
2022-03-18,600257.XSHG,32,bear,-0.039809,6.28,426018336.0,68647080.0,0,0,0.238245,0.038017,0.021138,0.059022,0.052985,0.039907,0.044925,0.036034,-0.084808,ma20<=ma60,0.023403,0.7,3,73,57,32,2,2,0,True,6.03,6.91,5.65,6.2,6.41,6.01,6.28,2022-03-21,6.49,0.07450331125827818,1
2022-04-06,600146.XSHG,7,bear,-0.039024,2.05,62738720.0,31788360.0,0,0,0.045918,0.009852,-0.014423,-0.046512,0.030151,0.018887,0.002935,0.028476,-0.044191,ma20<=ma60,0.01045,0.416667,3,60,23,7,2,2,0,True,1.97,2.15,1.95,1.95,2.07,1.95,2.05,2022-04-07,2.01,0.020304568527918686,1
2022-04-06,601919.XSHG,16,bear,-0.033431,17.05,5663343104.0,348757472.0,0,0,0.451613,0.081167,0.037105,-0.065241,0.059401,0.055335,0.048005,0.040259,-0.044191,ma20<=ma60,0.01045,0.416667,3,60,23,16,2,2,0,True,16.48,18.76,15.35,16.09,16.65,15.96,17.05,2022-04-07,15.78,-0.04247572815533987,1
2022-04-07,600661.XSHG,15,bear,-0.032505,10.46,293848704.0,29581540.0,0,0,0.470817,0.040796,-0.023343,-0.206373,0.051891,0.041936,-0.02598,0.038349,-0.032398,ma20<=ma60,0.031602,0.833333,3,61,23,15,2,0,2,False,10.12,11.51,9.41,9.66,10.21,9.61,10.46,,0.0,0.0,0
2022-04-13,000809.XSHE,0,bear,-0.037037,3.51,150608624.0,43046608.0,0,0,0.393939,0.023324,-0.005666,0.086687,0.016213,0.01946,0.020794,0.038291,-0.079308,ma20<=ma60,0.033081,0.866667,3,78,30,0,2,1,1,True,3.38,3.86,3.16,3.42,3.65,3.32,3.51,2022-04-14,3.39,0.002958579881656873,1
2022-04-15,603486.XSHG,18,bear,-0.033981,108.59,370349888.0,3479963.0,0,0,0.231505,0.040533,0.045341,0.047054,0.070696,0.036481,0.0124,0.038183,-0.087161,ma20<=ma60,0.014409,0.55,3,51,19,18,2,1,1,True,104.9,119.45,97.73,106.37,110.6,104.06,108.59,2022-04-18,105.98,0.01019921837765711,1
2022-04-19,600856.XSHG,12,bear,-0.031008,1.29,84417096.0,68126280.0,0,0,0.060606,-0.145695,-0.007692,-0.321053,-0.022727,-0.041605,-0.128673,0.045435,-0.091995,ma20<=ma60,0.043866,0.916667,3,68,31,12,2,1,1,True,1.25,1.35,1.23,1.23,1.29,1.23,1.29,2022-04-20,1.18,-0.05600000000000005,1
2022-04-20,002684.XSHE,4,bear,-0.036232,2.76,30834356.0,11375350.0,0,0,0.053279,-0.12381,-0.290488,-0.320197,-0.023355,-0.1168,-0.225589,0.031386,-0.089159,ma20<=ma60,0.012363,0.5,3,37,16,4,2,1,1,True,2.66,2.9,2.62,2.62,2.83,2.62,2.76,2022-04-25,2.76,0.033707865168539276,3
2022-04-21,600602.XSHG,7,bear,-0.037227,7.79,528745184.0,71475152.0,0,0,0.470588,0.112857,-0.045343,-0.187696,0.091036,0.064062,-0.018335,0.039245,-0.105168,ma20<=ma60,0.011748,0.483333,3,38,14,7,2,2,0,True,7.5,8.57,7.01,7.11,7.67,7.02,7.79,2022-04-22,7.07,-0.0573333333333333,1
2022-04-22,600318.XSHG,3,bear,-0.031039,7.41,726204672.0,101790592.0,0,0,0.095989,-0.035156,-0.218354,-0.442438,0.036944,-0.000674,-0.251213,0.064159,-0.141463,ma20<=ma60,-0.002727,0.216667,3,16,8,3,2,1,1,False,7.18,8.15,6.67,6.82,7.56,6.75,7.41,,0.0,0.0,0
2022-04-22,603755.XSHG,7,bear,-0.038711,38.49,243686032.0,6305073.0,0,0,0.363902,0.236031,0.24765,0.101288,0.081848,0.165728,0.164159,0.044849,-0.141463,ma20<=ma60,-0.002727,0.216667,3,16,8,7,2,1,1,False,37.0,42.34,34.64,40.0,42.33,36.36,38.49,,0.0,0.0,0
2022-04-25,603856.XSHG,20,bear,-0.031787,11.64,190014208.0,15138130.0,0,0,0.152518,-0.169165,-0.191667,-0.137139,0.00293,-0.113616,-0.134572,0.056296,-0.146215,ma20<=ma60,0.042843,0.9,3,56,26,20,2,1,1,True,11.27,12.8,10.48,12.8,12.8,11.22,11.64,2022-04-26,13.17,0.16755319148936176,1
2022-04-28,002060.XSHE,14,bear,-0.039548,7.08,1712640896.0,242009584.0,0,0,0.468809,0.064662,0.033577,-0.141818,0.096315,0.045173,-0.071293,0.062002,-0.192874,ma20<=ma60,0.028469,0.783333,3,118,107,14,2,2,0,True,6.8,7.79,6.37,7.45,7.68,6.65,7.08,2022-04-29,7.26,0.06764705882352941,1
2022-04-28,002596.XSHE,34,bear,-0.030471,3.61,688299712.0,202959680.0,0,0,0.155116,-0.081425,-0.34955,0.016901,0.045771,-0.112586,-0.203442,0.083934,-0.192874,ma20<=ma60,0.028469,0.783333,3,118,107,34,2,2,0,True,3.5,3.97,3.25,3.47,3.53,3.25,3.61,2022-04-29,3.58,0.022857142857142878,1
2022-04-28,002797.XSHE,39,bear,-0.03777,5.56,935640128.0,174574432.0,0,0,0.303571,0.007246,-0.027972,-0.054422,0.045506,0.016825,-0.015929,0.030423,-0.192874,ma20<=ma60,0.028469,0.783333,3,118,107,39,2,2,0,False,5.35,6.12,5.0,5.28,5.46,5.22,5.56,,0.0,0.0,0
2022-04-29,000600.XSHE,7,bear,-0.032099,4.05,124931352.0,30327228.0,0,0,0.417476,0.0125,-0.021739,-0.004914,0.055237,0.012247,-0.006501,0.03234,-0.199693,ma20<=ma60,0.024004,0.7,3,60,42,7,2,0,2,False,3.92,4.46,3.65,4.15,4.25,3.92,4.05,,0.0,0.0,0
2022-05-05,601099.XSHG,118,bear,-0.037037,2.7,614576960.0,232473776.0,0,0,0.301205,-0.035714,-0.078498,-0.081633,0.053042,-0.002217,-0.043062,0.032088,-0.153281,ma20<=ma60,0.029553,0.8,3,183,159,118,2,1,1,True,2.6,2.97,2.43,2.63,2.71,2.58,2.7,2022-05-06,2.54,-0.023076923076923096,1
2022-05-06,002096.XSHE,16,bear,-0.03777,11.12,88622296.0,8051426.0,0,0,0.280551,0.115346,-0.077178,-0.097403,0.094704,0.041491,-0.032623,0.043782,-0.138156,ma20<=ma60,0.029812,0.8,3,138,100,16,2,1,1,True,10.7,12.23,10.01,10.99,11.38,10.5,11.12,2022-05-09,11.16,0.042016806722689,1
2022-05-06,002206.XSHE,21,bear,-0.032755,5.19,133353528.0,26126932.0,0,0,0.246246,0.123377,-0.076512,-0.146382,0.111349,0.057457,-0.026632,0.040734,-0.138156,ma20<=ma60,0.029812,0.8,3,138,100,21,2,1,1,False,5.02,5.71,4.67,5.11,5.24,4.98,5.19,,0.0,0.0,0
2022-05-10,002688.XSHE,35,bear,-0.036957,4.6,139161232.0,31681392.0,0,0,0.337449,0.141439,-0.163636,-0.152855,0.08593,0.068525,-0.040067,0.057455,-0.118168,ma20<=ma60,0.020059,0.6,3,109,81,35,2,2,0,True,4.43,5.06,4.14,4.43,4.59,4.3,4.6,2022-05-11,4.36,-0.015801354401805735,1
2022-05-10,002952.XSHE,41,bear,-0.038311,12.79,173321120.0,14124948.0,0,0,0.403349,0.205467,0.064946,-0.044096,0.116446,0.122127,0.084404,0.048848,-0.118168,ma20<=ma60,0.020059,0.6,3,109,81,41,2,2,0,True,12.3,14.07,11.51,12.56,13.38,11.89,12.79,2022-05-11,12.03,-0.022745735174654842,1
2022-05-10,600721.XSHG,59,bear,-0.035294,7.65,72490688.0,10110802.0,0,0,0.302222,-0.035309,-0.084928,-0.160263,0.029333,-0.007653,-0.075975,0.037567,-0.118168,ma20<=ma60,0.020059,0.6,3,109,81,59,2,2,0,False,7.38,8.41,6.89,7.09,7.38,6.99,7.65,,0.0,0.0,0
2022-05-10,600822.XSHG,62,bear,-0.030151,7.96,136675392.0,16985622.0,0,0,0.367742,0.117978,-0.112598,-0.097506,0.079468,0.062183,-0.037252,0.053393,-0.118168,ma20<=ma60,0.020059,0.6,3,109,81,62,2,2,0,False,7.72,8.76,7.16,8.28,8.4,7.7,7.96,,0.0,0.0,0
2022-05-10,603900.XSHG,77,bear,-0.038123,6.82,27336246.0,4125800.0,0,0,0.267913,0.094703,-0.099075,-0.153846,0.08151,0.048102,-0.038082,0.040443,-0.118168,ma20<=ma60,0.020059,0.6,3,109,81,77,2,2,0,False,6.56,7.5,6.14,6.71,6.73,6.55,6.82,,0.0,0.0,0
2022-05-19,000715.XSHE,2,bear,-0.032457,6.47,277898976.0,44083096.0,0,0,0.403017,-0.040059,-0.063676,0.151246,0.018577,0.003412,-0.092439,0.078566,-0.034351,ma20<=ma60,0.01661,0.55,3,78,44,2,2,2,0,True,6.26,7.12,5.82,6.37,6.57,6.11,6.47,2022-05-20,6.11,-0.02396166134185295,1
2022-05-19,002269.XSHE,12,bear,-0.030769,1.95,297748416.0,151171808.0,0,0,0.369048,0.114286,0.147059,-0.029851,0.073789,0.091214,0.058345,0.047531,-0.034351,ma20<=ma60,0.01661,0.55,3,78,44,12,2,2,0,True,1.89,2.15,1.76,2.05,2.15,1.88,1.95,2022-05-20,1.97,0.04232804232804237,1
2022-05-19,603918.XSHG,33,bear,-0.031378,7.33,119967400.0,16611011.0,0,0,0.204396,0.092399,0.073206,0.009642,0.066027,0.081121,0.066647,0.036491,-0.034351,ma20<=ma60,0.01661,0.55,3,78,44,33,2,2,0,False,7.1,8.06,6.6,7.27,7.39,7.04,7.33,,0.0,0.0,0
2022-05-19,002518.XSHE,39,bear,-0.033816,18.63,715264512.0,36658424.0,0,0,0.436885,0.220839,0.302797,0.141544,0.116104,0.187532,0.210566,0.042617,-0.034351,ma20<=ma60,0.01661,0.55,3,78,44,39,2,2,0,False,18.0,20.49,16.77,20.49,20.49,17.71,18.63,,0.0,0.0,0
2022-05-19,002881.XSHE,40,bear,-0.030502,35.08,171427312.0,4676852.0,0,0,0.413004,0.125441,0.226573,0.18714,0.088697,0.125333,0.171266,0.039131,-0.034351,ma20<=ma60,0.01661,0.55,3,78,44,40,2,2,0,False,34.01,38.59,31.57,36.88,38.5,34.01,35.08,,0.0,0.0,0
2022-05-20,600683.XSHG,12,bear,-0.031434,5.09,349240672.0,67486816.0,0,0,0.417021,0.183721,0.167431,-0.039623,0.059534,0.116718,0.115861,0.049158,-0.026096,ma20<=ma60,0.014941,0.5,3,50,24,12,2,0,2,False,4.93,5.6,4.58,5.16,5.45,4.93,5.09,,0.0,0.0,0
2022-05-20,002922.XSHE,18,bear,-0.0351,14.53,473105280.0,32352072.0,0,0,0.437901,0.142296,0.183225,0.072325,0.101258,0.134447,0.165757,0.050571,-0.026096,ma20<=ma60,0.014941,0.5,3,50,24,18,2,0,2,False,14.02,15.76,12.9,14.79,15.54,14.01,14.33,,0.0,0.0,0
2022-05-23,000835.XSHE,4,bear,,0.35,,,0,0,0.030303,0.09375,0.09375,-0.660194,0.047904,0.054217,-0.306244,0.147323,0.0,ma20<=ma60,0.029435,0.783333,3,73,40,4,2,0,2,False,,,,,,,,,0.0,0.0,0
2022-05-26,603536.XSHG,34,bear,-0.037175,10.76,152526592.0,14821504.0,0,0,0.439163,0.175956,0.18112,-0.128039,0.115026,0.147856,0.145473,0.051439,-0.024466,ma20<=ma60,0.042426,0.883333,3,84,38,34,2,1,1,True,10.36,11.84,9.68,10.2,10.55,10.16,10.76,2022-05-27,9.89,-0.046287367405978656,1
2022-09-21,002377.XSHE,4,bear,-0.037152,3.23,459560832.0,141620880.0,0,0,0.5,0.055556,0.041935,0.0625,0.021505,0.03129,0.050407,0.043781,-0.112769,ma20<=ma60,0.02964,0.85,3,45,16,4,2,1,1,True,3.11,3.55,2.91,3.28,3.36,3.11,3.23,2022-09-22,3.28,0.054662379421221846,1
2022-09-23,000629.XSHE,0,bear,-0.035778,5.59,2737812992.0,518994144.0,0,0,0.486413,0.106931,-0.003565,-0.1056,0.093505,0.065371,0.008025,0.033125,-0.07606,ma20<=ma60,0.00128,0.166667,3,30,4,0,2,1,1,True,5.39,6.15,5.03,5.19,5.43,5.16,5.59,2022-09-26,5.1,-0.05380333951762524,1
2022-10-10,002165.XSHE,3,bear,-0.030534,5.24,798288384.0,152239664.0,0,0,0.495536,0.103158,-0.050725,0.110169,0.087137,0.072013,-0.025026,0.056845,-0.120436,ma20<=ma60,-0.003794,0.116667,3,29,14,3,2,1,1,True,5.08,5.76,4.72,5.25,5.51,5.01,5.24,2022-10-11,5.39,0.061023622047244014,1
2022-10-12,002723.XSHE,13,bear,-0.037154,12.65,288212576.0,23543480.0,0,0,0.424658,0.156307,-0.020139,0.018519,0.087704,0.087891,0.025371,0.050787,-0.135822,ma20<=ma60,0.027234,0.866667,3,43,27,13,2,2,0,True,12.18,13.92,11.39,12.54,13.52,11.39,12.65,2022-10-13,12.33,0.011484823625922935,1
2022-10-12,002752.XSHE,14,bear,-0.032389,4.94,121575880.0,24570744.0,0,0,0.296053,-0.008032,-0.015936,-0.057252,0.039562,0.026387,-0.02023,0.037785,-0.135822,ma20<=ma60,0.027234,0.866667,3,43,27,14,2,2,0,True,4.78,5.43,4.45,5.1,5.14,4.78,4.94,2022-10-13,5.22,0.08977035490605421,1
2022-10-13,600353.XSHG,26,bear,-0.036397,10.99,173378240.0,16024251.0,0,0,0.346715,-0.071006,-0.112994,-0.201888,0.016651,-0.040761,-0.100029,0.040048,-0.110701,ma20<=ma60,0.05411,0.983333,3,62,41,26,2,0,2,False,10.59,12.09,9.89,10.7,11.15,10.53,10.99,,0.0,0.0,0
2022-10-13,603507.XSHG,34,bear,-0.034639,33.2,408768960.0,12243867.0,0,0,0.259673,0.04534,0.006061,-0.108485,0.048443,0.031376,-0.002194,0.040002,-0.110701,ma20<=ma60,0.05411,0.983333,3,62,41,34,2,0,2,False,32.05,36.52,29.88,33.27,34.04,32.05,33.2,,0.0,0.0,0
2022-10-27,001896.XSHE,1,bear,-0.036145,5.81,288443488.0,51335216.0,0,0,0.413043,0.071956,0.085981,0.02109,0.069588,0.067426,0.081232,0.029661,-0.002583,ma20<=ma60,0.01124,0.466667,3,65,23,1,2,1,1,True,5.6,6.39,5.23,5.54,5.75,5.52,5.81,2022-10-28,5.32,-0.04999999999999989,1
2022-10-31,000530.XSHE,0,bear,-0.038462,5.2,361626048.0,70282088.0,0,0,0.285714,0.101695,0.023622,-0.120135,0.076159,0.062092,0.005608,0.04533,-0.041265,ma20<=ma60,-0.023027,0.0,3,18,5,0,2,1,1,True,5.0,5.72,4.68,5.19,5.28,5.0,5.2,2022-11-01,5.31,0.06199999999999992,1
2022-12-20,000983.XSHE,1,bear,-0.038552,12.71,704526336.0,58694220.0,0,0,0.347938,-0.007031,-0.03785,0.056525,-0.006099,-0.007419,-0.003606,0.020252,-0.048195,ma20>ma60,-0.0048,0.133333,3,22,4,1,2,1,1,True,12.22,13.98,11.44,12.0,12.27,11.81,12.71,2022-12-21,11.93,-0.02452984464431731,1
2023-01-04,600532.XSHG,10,bear,-0.032392,12.04,151168704.0,12451713.0,0,0,0.043116,-0.137536,-0.332224,-0.482373,-0.021774,-0.134124,-0.291661,0.031639,-0.041995,ma20<=ma60,0.030716,0.833333,3,73,15,10,2,1,1,True,11.65,12.64,11.44,12.0,12.59,11.6,12.04,2023-01-05,12.4,0.06346483704974273,1
2023-05-18,600520.XSHG,9,bear,-0.036749,14.15,245862096.0,17725976.0,0,0,0.349138,0.128389,0.068731,-0.03347,0.092495,0.097239,0.062272,0.034185,-0.06528,ma20<=ma60,0.021531,0.733333,3,30,14,9,2,1,1,True,13.63,15.57,12.74,13.86,14.13,13.62,14.15,2023-05-19,14.45,0.059384164222873806,1
2023-06-02,600242.XSHG,1,bear,-0.033333,0.3,7560425.0,26821416.0,0,0,0.015385,-0.333333,-0.333333,-0.333333,-0.222798,-0.282297,-0.308756,0.084595,-0.019059,ma20<=ma60,0.003505,0.166667,3,30,10,1,2,1,1,True,0.29,0.33,0.27,0.28,0.29,0.28,0.3,2023-06-05,0.28,-0.034482758620689495,1
2023-06-05,000797.XSHE,3,bear,-0.031746,3.15,197304544.0,63706144.0,0,0,0.410959,0.078767,0.067797,-0.027778,0.072888,0.07766,0.044084,0.0273,-0.011372,ma20<=ma60,0.008746,0.333333,3,45,23,3,2,1,1,True,3.05,3.47,2.84,3.11,3.15,3.03,3.15,2023-06-06,3.23,0.05901639344262301,1
2023-06-19,000065.XSHE,0,bear,-0.032648,16.54,736844992.0,44965160.0,0,0,0.373239,0.097545,0.07893,0.039598,0.084164,0.088803,0.09769,0.027204,0.0,ma20<=ma60,0.017214,0.616667,3,47,14,0,2,1,1,True,16.0,18.19,14.89,16.35,16.7,15.95,16.54,2023-06-20,16.19,0.01187500000000008,1
2023-06-26,000606.XSHE,0,bear,-0.037037,0.27,7204908.0,28039888.0,0,0,0.045714,0.421053,-0.706522,-0.706522,0.115702,-0.380734,-0.60177,0.178644,-0.021737,ma20<=ma60,0.010407,0.383333,3,31,8,0,2,1,1,True,0.26,0.3,0.24,0.25,0.27,0.24,0.27,2023-06-27,0.25,-0.07407407407407414,1
2023-07-03,002647.XSHE,3,bear,-0.035524,5.63,340386272.0,59523036.0,0,0,0.344262,0.110454,0.064272,0.042593,0.078957,0.078544,0.064473,0.025642,-0.013726,ma20<=ma60,0.005329,0.216667,3,46,11,3,2,1,1,True,5.43,6.19,5.07,5.67,6.01,5.43,5.63,2023-07-04,5.84,0.07550644567219156,1
2023-07-10,002417.XSHE,1,bear,,0.45,,,0,0,0.04878,0.097561,0.097561,-0.637097,0.102941,0.086957,-0.273608,0.164998,-0.025768,ma20<=ma60,0.009546,0.366667,3,17,2,1,2,0,2,False,,,,,,,,,0.0,0.0,0
2023-08-25,603103.XSHG,4,bear,-0.037433,18.7,181866592.0,9850273.0,0,0,0.449355,0.048794,-0.07563,-0.043478,0.076941,0.043352,0.013221,0.036642,-0.083753,ma20<=ma60,0.010629,0.416667,3,23,8,4,2,2,0,True,18.0,20.57,16.83,18.27,18.79,18.0,18.7,2023-08-28,19.07,0.05944444444444446,1
2023-08-25,001309.XSHE,5,bear,-0.03337,72.52,257781664.0,3714320.0,0,0,0.427455,0.077563,-0.025269,-0.010506,0.086572,0.065828,0.027065,0.030958,-0.083753,ma20<=ma60,0.010629,0.416667,3,23,8,5,2,2,0,True,70.1,79.77,65.27,68.6,71.39,68.2,72.52,2023-08-28,67.71,-0.034094151212553506,1
2023-09-27,000936.XSHE,0,bear,-0.034729,9.79,1078575488.0,112345888.0,0,0,0.276458,0.135731,0.020855,0.026205,0.090686,0.094589,0.060557,0.035197,-0.032692,ma20<=ma60,0.019301,0.633333,3,19,5,0,2,1,1,True,9.45,10.77,8.81,9.61,9.8,9.38,9.79,2023-09-28,9.59,0.013742071881606659,1
2023-10-13,603223.XSHG,5,bear,-0.039889,10.78,148079120.0,14043846.0,0,0,0.237864,0.086694,0.078,0.072637,0.07285,0.078647,0.077515,0.023429,-0.01296,ma20<=ma60,0.00679,0.3,3,23,9,5,2,1,1,True,10.35,11.86,9.7,10.56,10.79,10.35,10.78,2023-10-16,10.92,0.054054054054054106,1
2024-01-25,600191.XSHG,12,bear,-0.03537,6.22,164577424.0,26516296.0,0,0,0.44186,0.033223,0.033223,0.008104,0.036321,0.037358,0.023447,0.030344,-0.126346,ma20<=ma60,0.04495,0.983333,3,51,24,12,2,1,1,True,6.0,6.84,5.6,6.23,6.43,6.0,6.22,2024-01-26,6.2,0.03333333333333336,1
2024-02-20,603860.XSHG,96,bear,-0.030232,25.47,170292128.0,6692502.0,0,0,0.138155,-0.087097,-0.186262,-0.153258,0.058164,-0.092399,-0.109892,0.060821,-0.095297,ma20<=ma60,0.050508,0.95,3,119,107,96,2,1,1,True,24.7,28.02,22.92,25.35,26.4,24.5,25.47,2024-02-21,26.07,0.055465587044534456,1
2024-02-21,002194.XSHE,9,bear,-0.039953,8.51,330495456.0,39738168.0,0,0,0.434783,0.327613,0.036541,-0.072985,0.12775,0.15218,0.056093,0.049824,-0.089081,ma20<=ma60,0.043484,0.916667,3,55,49,9,2,1,1,True,8.17,9.36,7.66,8.34,8.57,8.07,8.51,2024-02-22,8.52,0.0415647921760391,1
2024-02-21,603728.XSHG,47,bear,-0.035781,43.04,651338880.0,14769044.0,0,0,0.242629,0.33416,0.107851,-0.207804,0.107224,0.142463,0.005596,0.057764,-0.089081,ma20<=ma60,0.043484,0.916667,3,55,49,47,2,1,1,False,41.5,47.34,38.74,42.92,46.09,41.49,43.04,,0.0,0.0,0
2024-02-22,000565.XSHE,1,bear,-0.030905,4.53,159643168.0,36008824.0,0,0,0.316151,0.254848,-0.150094,-0.270531,0.087374,0.065632,-0.084664,0.056534,-0.05857,ma20<=ma60,0.011857,0.55,3,74,69,1,2,1,1,True,4.39,4.98,4.08,4.51,4.58,4.31,4.53,2024-02-23,4.4,0.002277904328018377,1
2024-02-22,000982.XSHE,10,bear,-0.037037,1.35,288839040.0,219713376.0,0,0,0.372881,0.153846,-0.021739,-0.171779,0.076555,0.103843,0.013133,0.042133,-0.05857,ma20<=ma60,0.011857,0.55,3,74,69,10,2,1,1,False,1.3,1.49,1.22,1.33,1.35,1.29,1.35,,0.0,0.0,0
2024-02-26,002094.XSHE,8,bear,-0.031142,2.89,155243184.0,54968740.0,0,0,0.418848,0.284444,-0.030201,-0.247396,0.120155,0.166734,-0.016505,0.057321,-0.017028,ma20<=ma60,0.06766,0.983333,3,67,44,8,2,1,1,True,2.8,3.18,2.6,2.83,2.93,2.77,2.89,2024-02-27,2.88,0.0285714285714286,1
2024-02-27,002888.XSHE,10,bear,-0.039228,16.57,351017344.0,21314270.0,0,0,0.32615,0.320319,0.133379,-0.178483,0.150854,0.252646,0.078179,0.060394,-0.011437,ma20<=ma60,0.017273,0.616667,3,53,26,10,2,1,1,True,15.92,18.23,14.91,16.97,17.73,15.78,16.57,2024-02-28,15.6,-0.020715630885122415,1
2024-02-27,003025.XSHE,15,bear,-0.031758,12.91,381727456.0,30184316.0,0,0,0.398131,0.275692,0.253398,-0.029323,0.133649,0.245177,0.163377,0.05461,-0.011437,ma20<=ma60,0.017273,0.616667,3,53,26,15,2,1,1,False,12.5,14.2,11.62,13.25,13.25,12.24,12.91,,0.0,0.0,0
2024-04-23,000584.XSHE,0,bear,-0.031963,2.19,23062900.0,10232400.0,0,0,0.080645,-0.102459,-0.209386,-0.286645,-0.01084,-0.08788,-0.177619,0.031782,-0.062511,ma20>ma60,-0.012063,0.15,3,44,18,0,2,1,1,True,2.12,2.3,2.08,2.3,2.3,2.12,2.19,2024-04-24,2.33,0.09905660377358488,1
2024-06-11,002141.XSHE,5,bear,-0.030928,0.97,26332584.0,27127916.0,0,0,0.133803,-0.133929,-0.163793,0.24359,-0.020202,-0.07177,-0.061442,0.046773,-0.079187,ma20<=ma60,-0.003991,0.116667,3,44,29,5,2,2,0,True,0.94,1.02,0.92,0.99,1.01,0.92,0.97,2024-06-12,1.01,0.07446808510638304,1
2024-06-11,002861.XSHE,13,bear,-0.035936,8.07,101295648.0,13035480.0,0,0,0.156317,-0.104329,-0.100395,-0.109183,-0.000248,-0.051834,-0.085398,0.037363,-0.079187,ma20<=ma60,-0.003991,0.116667,3,44,29,13,2,2,0,True,7.78,8.88,7.26,7.81,8.37,7.56,8.07,2024-06-14,9.11,0.1694480102695763,3
2024-06-14,002263.XSHE,1,bear,-0.030568,2.29,86426816.0,38625060.0,0,0,0.440678,0.070093,-0.033755,-0.098425,0.081209,0.047096,-0.009087,0.031265,-0.074425,ma20<=ma60,0.005511,0.35,3,24,13,1,2,1,1,True,2.22,2.52,2.06,2.21,2.28,2.2,2.29,2024-06-17,2.15,-0.03587443946188344,1
2024-06-21,002052.XSHE,1,bear,-0.039604,1.01,23623424.0,24432300.0,0,0,0.14,0.147727,0.086022,-0.278571,0.03272,0.106243,-0.016553,0.046845,-0.065896,ma20<=ma60,-0.012663,0.016667,3,14,7,1,2,1,1,True,0.97,1.06,0.96,0.96,0.99,0.96,1.01,2024-06-24,0.92,-0.051546391752577254,1
2024-06-24,002173.XSHE,1,bear,-0.030043,6.99,217452864.0,32342878.0,0,0,0.212389,0.097331,0.085404,-0.099227,0.076047,0.075385,0.000573,0.03585,-0.064627,ma20<=ma60,0.011365,0.483333,3,23,14,1,2,1,1,True,6.78,7.69,6.29,6.76,6.95,6.61,6.99,2024-06-25,6.87,0.011782032400589112,1
2024-06-28,002188.XSHE,2,bear,-0.031603,4.43,124302568.0,28389400.0,0,0,0.336683,0.054762,-0.019912,-0.162571,0.076288,0.045551,0.012571,0.045474,-0.09171,ma20<=ma60,0.017307,0.583333,3,24,16,2,2,2,0,True,4.29,4.87,3.99,4.37,4.57,4.26,4.43,2024-07-01,4.58,0.0675990675990676,1
2024-06-28,603003.XSHG,10,bear,-0.035398,4.52,72594960.0,16094955.0,0,0,0.109155,0.03908,0.116049,0.116049,0.057082,0.061292,0.102579,0.036732,-0.09171,ma20<=ma60,0.017307,0.583333,3,24,16,10,2,2,0,True,4.36,4.75,4.29,4.7,4.72,4.36,4.52,2024-07-01,4.69,0.0732265446224257,1
2024-07-03,000520.XSHE,0,bear,-0.030769,2.6,193390000.0,75662040.0,0,0,0.267241,0.10643,-0.037037,-0.212121,0.090604,0.06689,-0.049358,0.043611,-0.076793,ma20<=ma60,0.028367,0.9,3,24,18,0,2,1,1,True,2.52,2.86,2.34,2.53,2.65,2.52,2.6,2024-07-04,2.53,0.003968253968253884,1
2024-07-16,002141.XSHE,2,bear,-0.03,1.0,26890268.0,26655688.0,0,0,0.407407,-0.009901,-0.009901,0.010101,0.043841,0.007049,0.029336,0.03763,-0.076455,ma20<=ma60,-0.007578,0.05,3,22,12,2,2,0,2,False,0.97,1.05,0.95,1.03,1.05,0.96,1.0,,0.0,0.0,0
2024-07-24,600732.XSHG,5,bear,-0.031124,9.96,832004800.0,85610552.0,0,0,0.361169,0.138286,0.175915,0.072167,0.099095,0.13002,0.12842,0.029308,-0.058445,ma20<=ma60,0.018195,0.583333,3,24,14,5,2,1,1,True,9.65,10.96,8.96,9.58,10.02,9.48,9.96,2024-07-25,9.85,0.019668737060041356,1
2024-08-06,000702.XSHE,0,bear,-0.03666,4.91,191564704.0,40211420.0,0,0,0.272472,0.215347,0.191748,0.203431,0.11237,0.16738,0.176471,0.031636,-0.043898,ma20<=ma60,-0.003742,0.1,3,27,11,0,2,1,1,True,4.73,5.4,4.42,4.82,4.92,4.62,4.91,2024-08-07,4.45,-0.06118143459915612,1
2024-08-08,000506.XSHE,0,bear,-0.034965,1.43,128144584.0,91480288.0,0,0,0.220264,0.043796,0.067164,0.537634,-0.002789,0.021429,0.143086,0.039854,-0.03069,ma20<=ma60,0.026028,0.8,3,39,20,0,2,1,1,True,1.38,1.5,1.36,1.4,1.46,1.37,1.43,2024-08-09,1.42,0.02898550724637684,1
2024-08-09,002285.XSHE,4,bear,-0.035533,1.97,338094528.0,161578592.0,0,0,0.464646,0.208589,0.287582,0.262821,0.127002,0.175418,0.208218,0.039291,-0.030596,ma20<=ma60,-0.002002,0.116667,3,28,11,4,2,1,1,True,1.9,2.17,1.77,2.17,2.17,1.87,1.97,2024-08-12,2.28,0.19999999999999996,1
2024-08-13,002246.XSHE,0,bear,-0.036173,8.57,612463616.0,69938408.0,0,0,0.293334,0.104381,0.154987,0.090331,0.060906,0.080025,0.113132,0.029569,-0.043971,ma20<=ma60,0.0092,0.266667,3,19,3,0,2,1,1,True,8.26,9.43,7.71,8.9,9.26,8.2,8.57,2024-08-14,8.86,0.0713422007255139,1
2024-09-02,600280.XSHG,5,bear,-0.037313,2.68,296824928.0,115309464.0,0,0,0.30303,0.135593,0.042802,0.02682,0.096563,0.096563,-0.030215,0.066434,-0.025395,ma20<=ma60,0.030376,0.883333,3,40,14,5,2,1,1,True,2.58,2.95,2.41,2.54,2.66,2.5,2.68,2024-09-03,2.55,-0.011627906976744281,1
2024-09-04,002723.XSHE,2,bear,-0.036697,5.45,213440128.0,39305000.0,0,0,0.232551,0.149789,0.10998,0.013011,0.089564,0.109754,0.086198,0.028131,-0.036053,ma20<=ma60,0.021046,0.616667,3,32,14,2,2,1,1,True,5.25,6.0,4.91,5.57,5.79,5.2,5.45,2024-09-05,5.28,0.005714285714285762,1
2024-09-06,603002.XSHG,2,bear,-0.032189,4.66,231776096.0,51562080.0,0,0,0.421875,0.099057,0.093897,-0.014799,0.067828,0.085741,0.051444,0.029174,-0.024659,ma20<=ma60,0.028318,0.85,3,33,5,2,2,1,1,True,4.51,5.13,4.19,4.44,4.61,4.42,4.66,2024-09-09,4.45,-0.01330376940133029,1
2025-01-16,001236.XSHE,1,bear,-0.030663,10.11,533801632.0,51454236.0,0,0,0.371053,0.130872,0.048755,-0.053371,0.103712,0.110623,0.043021,0.031979,-0.079114,ma20<=ma60,0.024905,0.6,3,38,14,1,2,1,1,True,9.8,11.12,9.1,10.43,11.0,9.79,10.11,2025-01-17,10.13,0.032619775739041824,1
2025-01-17,002799.XSHE,7,bear,-0.034247,8.76,269685920.0,32449876.0,0,0,0.432361,0.130323,0.145098,0.005741,0.117917,0.146447,0.123005,0.048739,-0.075011,ma20<=ma60,0.012293,0.383333,3,41,17,7,2,1,1,True,8.46,9.64,7.88,8.2,8.58,8.16,8.76,2025-01-20,8.65,0.02125147579693031,1
2025-01-20,600657.XSHG,6,bear,-0.033543,4.77,424460672.0,89694008.0,0,0,0.363248,0.091533,0.195489,0.030238,0.059529,0.116312,0.110594,0.038358,-0.06859,ma20<=ma60,-0.009049,0.066667,3,35,9,6,2,1,1,True,4.61,5.25,4.29,4.73,4.99,4.51,4.77,2025-01-21,4.88,0.05627705627705623,1
2025-01-20,605588.XSHG,8,bear,-0.032331,44.23,172275088.0,4013405.0,0,0,0.396617,0.167018,0.144965,0.010509,0.091398,0.115651,0.082636,0.032662,-0.06859,ma20<=ma60,-0.009049,0.066667,3,35,9,8,2,1,1,False,42.8,48.65,39.81,42.9,43.67,42.3,44.23,,0.0,0.0,0
2025-04-18,603002.XSHG,5,bear,-0.035088,5.7,497372800.0,84778496.0,0,0,0.395939,0.122047,-0.020619,-0.135053,0.068216,0.085301,-0.00245,0.036924,-0.106426,ma20<=ma60,0.022321,0.7,3,67,10,5,2,1,1,True,5.5,6.27,5.13,6.27,6.27,5.45,5.7,2025-04-21,6.35,0.15454545454545449,1
2025-11-21,601208.XSHG,3,bear,-0.035753,18.46,1790851968.0,100344688.0,0,0,0.294118,0.024417,-0.067206,-0.039042,0.066559,0.022318,-0.022142,0.043268,-0.032957,ma20>ma60,-0.014657,0.016667,3,26,6,3,2,1,1,True,17.8,20.31,16.61,17.3,18.47,17.3,18.46,2025-11-24,17.17,-0.03539325842696624,1
